object_type,prior,train_size,seed,prior_weight,prediction_error,structural_violation
rigid,none,100,0,0.0,0.034978948533535004,0.02308497577905655
rigid,global,100,0,0.001,0.03497195988893509,0.023074058815836906
rigid,global,100,0,0.01,0.03505108878016472,0.02303243987262249
rigid,global,100,0,0.1,0.03682844340801239,0.023302461951971054
rigid,global,100,0,0.3,0.04375836253166199,0.020539503544569016
rigid,global,100,0,1.0,0.05513429641723633,0.010797027498483658
rigid,global,100,0,2.0,0.05801001563668251,0.008809373714029789
rigid,part,100,0,0.001,0.03497195988893509,0.023074058815836906
rigid,part,100,0,0.01,0.03505108878016472,0.02303243987262249
rigid,part,100,0,0.1,0.03682844340801239,0.023302461951971054
rigid,part,100,0,0.3,0.04375836253166199,0.020539503544569016
rigid,part,100,0,1.0,0.05513429641723633,0.010797027498483658
rigid,part,100,0,2.0,0.05801001563668251,0.008809373714029789
rigid,none,100,1,0.0,0.04825548455119133,0.023471727967262268
rigid,global,100,1,0.001,0.04824547469615936,0.023472730070352554
rigid,global,100,1,0.01,0.04839429631829262,0.023344406858086586
rigid,global,100,1,0.1,0.04944208636879921,0.021300802007317543
rigid,global,100,1,0.3,0.05450752377510071,0.014416194520890713
rigid,global,100,1,1.0,0.058887965977191925,0.010229261592030525
rigid,global,100,1,2.0,0.05951881408691406,0.008346435613930225
rigid,part,100,1,0.001,0.04824547469615936,0.023472730070352554
rigid,part,100,1,0.01,0.04839429631829262,0.023344406858086586
rigid,part,100,1,0.1,0.04944208636879921,0.021300802007317543
rigid,part,100,1,0.3,0.05450752377510071,0.014416194520890713
rigid,part,100,1,1.0,0.058887965977191925,0.010229261592030525
rigid,part,100,1,2.0,0.05951881408691406,0.008346435613930225
rigid,none,100,2,0.0,0.03929826617240906,0.020782921463251114
rigid,global,100,2,0.001,0.039307791739702225,0.02077510766685009
rigid,global,100,2,0.01,0.039156798273324966,0.02060198411345482
rigid,global,100,2,0.1,0.040047843009233475,0.019541805610060692
rigid,global,100,2,0.3,0.04504010081291199,0.017732879146933556
rigid,global,100,2,1.0,0.05493748560547829,0.011653843335807323
rigid,global,100,2,2.0,0.057934291660785675,0.0084236403927207
rigid,part,100,2,0.001,0.039307791739702225,0.02077510766685009
rigid,part,100,2,0.01,0.039156798273324966,0.02060198411345482
rigid,part,100,2,0.1,0.040047843009233475,0.019541805610060692
rigid,part,100,2,0.3,0.04504010081291199,0.017732879146933556
rigid,part,100,2,1.0,0.05493748560547829,0.011653843335807323
rigid,part,100,2,2.0,0.057934291660785675,0.0084236403927207
rigid,none,500,0,0.0,0.011496482416987419,0.006887254770845175
rigid,global,500,0,0.001,0.011499177664518356,0.0069326311349868774
rigid,global,500,0,0.01,0.01132566761225462,0.006996878422796726
rigid,global,500,0,0.1,0.010321061126887798,0.007557190489023924
rigid,global,500,0,0.3,0.010483083315193653,0.007958752103149891
rigid,global,500,0,1.0,0.010947353206574917,0.007368374615907669
rigid,global,500,0,2.0,0.012209022417664528,0.006551648955792189
rigid,part,500,0,0.001,0.011499177664518356,0.0069326311349868774
rigid,part,500,0,0.01,0.01132566761225462,0.006996878422796726
rigid,part,500,0,0.1,0.010321061126887798,0.007557190489023924
rigid,part,500,0,0.3,0.010483083315193653,0.007958752103149891
rigid,part,500,0,1.0,0.010947353206574917,0.007368374615907669
rigid,part,500,0,2.0,0.012209022417664528,0.006551648955792189
rigid,none,500,1,0.0,0.010023701004683971,0.0074364845640957355
rigid,global,500,1,0.001,0.010031471960246563,0.0074392096139490604
rigid,global,500,1,0.01,0.010065540671348572,0.007476218976080418
rigid,global,500,1,0.1,0.010367898270487785,0.008005860261619091
rigid,global,500,1,0.3,0.009498897939920425,0.007051700726151466
rigid,global,500,1,1.0,0.009934922680258751,0.006649168208241463
rigid,global,500,1,2.0,0.012343262322247028,0.008307387121021748
rigid,part,500,1,0.001,0.010031471960246563,0.0074392096139490604
rigid,part,500,1,0.01,0.010065540671348572,0.007476218976080418
rigid,part,500,1,0.1,0.010367898270487785,0.008005860261619091
rigid,part,500,1,0.3,0.009498897939920425,0.007051700726151466
rigid,part,500,1,1.0,0.009934922680258751,0.006649168208241463
rigid,part,500,1,2.0,0.012343262322247028,0.008307387121021748
rigid,none,500,2,0.0,0.010567985475063324,0.006377914920449257
rigid,global,500,2,0.001,0.01062475610524416,0.006382935680449009
rigid,global,500,2,0.01,0.010484831407666206,0.0064897919073700905
rigid,global,500,2,0.1,0.009427953511476517,0.007146647199988365
rigid,global,500,2,0.3,0.008862847462296486,0.006130419205874205
rigid,global,500,2,1.0,0.016000516712665558,0.014250493608415127
rigid,global,500,2,2.0,0.013709448277950287,0.009995407424867153
rigid,part,500,2,0.001,0.01062475610524416,0.006382935680449009
rigid,part,500,2,0.01,0.010484831407666206,0.0064897919073700905
rigid,part,500,2,0.1,0.009427953511476517,0.007146647199988365
rigid,part,500,2,0.3,0.008862847462296486,0.006130419205874205
rigid,part,500,2,1.0,0.016000516712665558,0.014250493608415127
rigid,part,500,2,2.0,0.013709448277950287,0.009995407424867153
rigid,none,1000,0,0.0,0.008470405824482441,0.005701685789972544
rigid,global,1000,0,0.001,0.008496195077896118,0.005740201100707054
rigid,global,1000,0,0.01,0.007619169540703297,0.005495159886777401
rigid,global,1000,0,0.1,0.007920066826045513,0.006021831650286913
rigid,global,1000,0,0.3,0.009117105975747108,0.005187144037336111
rigid,global,1000,0,1.0,0.008859528228640556,0.005363377742469311
rigid,global,1000,0,2.0,0.008268143981695175,0.004997991491109133
rigid,part,1000,0,0.001,0.008496195077896118,0.005740201100707054
rigid,part,1000,0,0.01,0.007619169540703297,0.005495159886777401
rigid,part,1000,0,0.1,0.007920066826045513,0.006021831650286913
rigid,part,1000,0,0.3,0.009117105975747108,0.005187144037336111
rigid,part,1000,0,1.0,0.008859528228640556,0.005363377742469311
rigid,part,1000,0,2.0,0.008268143981695175,0.004997991491109133
rigid,none,1000,1,0.0,0.01129787229001522,0.0072997016832232475
rigid,global,1000,1,0.001,0.011141441762447357,0.007319354452192783
rigid,global,1000,1,0.01,0.010478381998836994,0.006611900869756937
rigid,global,1000,1,0.1,0.012328648939728737,0.008073391392827034
rigid,global,1000,1,0.3,0.012332011014223099,0.009159141220152378
rigid,global,1000,1,1.0,0.009459693916141987,0.00832725316286087
rigid,global,1000,1,2.0,0.007956461049616337,0.005592345725744963
rigid,part,1000,1,0.001,0.011141441762447357,0.007319354452192783
rigid,part,1000,1,0.01,0.010478381998836994,0.006611900869756937
rigid,part,1000,1,0.1,0.012328648939728737,0.008073391392827034
rigid,part,1000,1,0.3,0.012332011014223099,0.009159141220152378
rigid,part,1000,1,1.0,0.009459693916141987,0.00832725316286087
rigid,part,1000,1,2.0,0.007956461049616337,0.005592345725744963
rigid,none,1000,2,0.0,0.008229115977883339,0.006210018880665302
rigid,global,1000,2,0.001,0.008325552567839622,0.0062919980846345425
rigid,global,1000,2,0.01,0.008361387066543102,0.00627416605129838
rigid,global,1000,2,0.1,0.008699988946318626,0.005995466373860836
rigid,global,1000,2,0.3,0.009655513800680637,0.007895482704043388
rigid,global,1000,2,1.0,0.007921257056295872,0.006057850085198879
rigid,global,1000,2,2.0,0.00699938740581274,0.004329165909439325
rigid,part,1000,2,0.001,0.008325552567839622,0.0062919980846345425
rigid,part,1000,2,0.01,0.008361387066543102,0.00627416605129838
rigid,part,1000,2,0.1,0.008699988946318626,0.005995466373860836
rigid,part,1000,2,0.3,0.009655513800680637,0.007895482704043388
rigid,part,1000,2,1.0,0.007921257056295872,0.006057850085198879
rigid,part,1000,2,2.0,0.00699938740581274,0.004329165909439325
rigid,none,5000,0,0.0,0.009969265200197697,0.0038923886604607105
rigid,global,5000,0,0.001,0.010179325006902218,0.003671698970720172
rigid,global,5000,0,0.01,0.010047602467238903,0.0034534826409071684
rigid,global,5000,0,0.1,0.0106147276237607,0.00446039903908968
rigid,global,5000,0,0.3,0.012600386515259743,0.005840272177010775
rigid,global,5000,0,1.0,0.008506396785378456,0.0032476945780217648
rigid,global,5000,0,2.0,0.009012095630168915,0.003721088171005249
rigid,part,5000,0,0.001,0.010179325006902218,0.003671698970720172
rigid,part,5000,0,0.01,0.010047602467238903,0.0034534826409071684
rigid,part,5000,0,0.1,0.0106147276237607,0.00446039903908968
rigid,part,5000,0,0.3,0.012600386515259743,0.005840272177010775
rigid,part,5000,0,1.0,0.008506396785378456,0.0032476945780217648
rigid,part,5000,0,2.0,0.009012095630168915,0.003721088171005249
rigid,none,5000,1,0.0,0.00917678140103817,0.0054948716424405575
rigid,global,5000,1,0.001,0.009171484038233757,0.005094620399177074
rigid,global,5000,1,0.01,0.009584632702171803,0.005115718115121126
rigid,global,5000,1,0.1,0.010347128845751286,0.0056667872704565525
rigid,global,5000,1,0.3,0.011734258383512497,0.005809435620903969
rigid,global,5000,1,1.0,0.009447897784411907,0.004628908820450306
rigid,global,5000,1,2.0,0.0071728406473994255,0.0026846560649573803
rigid,part,5000,1,0.001,0.009171484038233757,0.005094620399177074
rigid,part,5000,1,0.01,0.009584632702171803,0.005115718115121126
rigid,part,5000,1,0.1,0.010347128845751286,0.0056667872704565525
rigid,part,5000,1,0.3,0.011734258383512497,0.005809435620903969
rigid,part,5000,1,1.0,0.009447897784411907,0.004628908820450306
rigid,part,5000,1,2.0,0.0071728406473994255,0.0026846560649573803
rigid,none,5000,2,0.0,0.00863668229430914,0.006138963159173727
rigid,global,5000,2,0.001,0.009144461713731289,0.006967737339437008
rigid,global,5000,2,0.01,0.00915788859128952,0.005844742525368929
rigid,global,5000,2,0.1,0.011772305704653263,0.0049526202492415905
rigid,global,5000,2,0.3,0.010601751506328583,0.00485984468832612
rigid,global,5000,2,1.0,0.009910291992127895,0.006862386595457792
rigid,global,5000,2,2.0,0.006351834628731012,0.004101583268493414
rigid,part,5000,2,0.001,0.009144461713731289,0.006967737339437008
rigid,part,5000,2,0.01,0.00915788859128952,0.005844742525368929
rigid,part,5000,2,0.1,0.011772305704653263,0.0049526202492415905
rigid,part,5000,2,0.3,0.010601751506328583,0.00485984468832612
rigid,part,5000,2,1.0,0.009910291992127895,0.006862386595457792
rigid,part,5000,2,2.0,0.006351834628731012,0.004101583268493414
articulated,none,100,0,0.0,0.024446357041597366,0.01794515922665596
articulated,global,100,0,0.001,0.024453261867165565,0.01794247142970562
articulated,global,100,0,0.01,0.024533424526453018,0.01795368455350399
articulated,global,100,0,0.1,0.025418251752853394,0.018073206767439842
articulated,global,100,0,0.3,0.02773910015821457,0.018493393436074257
articulated,global,100,0,1.0,0.05698562040925026,0.02192479372024536
articulated,global,100,0,2.0,0.07893811166286469,0.011126858182251453
articulated,part,100,0,0.001,0.024459432810544968,0.01794796995818615
articulated,part,100,0,0.01,0.0244759451597929,0.017926279455423355
articulated,part,100,0,0.1,0.025011925026774406,0.017904845997691154
articulated,part,100,0,0.3,0.025948908179998398,0.017621366307139397
articulated,part,100,0,1.0,0.03752206265926361,0.020404426380991936
articulated,part,100,0,2.0,0.06291520595550537,0.016326094046235085
articulated,none,100,1,0.0,0.033135510981082916,0.025063710287213326
articulated,global,100,1,0.001,0.0329350084066391,0.02491815760731697
articulated,global,100,1,0.01,0.0356442965567112,0.027513964101672173
articulated,global,100,1,0.1,0.03811388835310936,0.029747508466243744
articulated,global,100,1,0.3,0.05287688598036766,0.024473652243614197
articulated,global,100,1,1.0,0.0787428468465805,0.013332926668226719
articulated,global,100,1,2.0,0.08121403306722641,0.009280138649046421
articulated,part,100,1,0.001,0.03315498307347298,0.025065364316105843
articulated,part,100,1,0.01,0.03211406618356705,0.024304354563355446
articulated,part,100,1,0.1,0.03454933315515518,0.025935159996151924
articulated,part,100,1,0.3,0.04160357639193535,0.026609601452946663
articulated,part,100,1,1.0,0.07689416408538818,0.012533357366919518
articulated,part,100,1,2.0,0.08070197701454163,0.008393649943172932
articulated,none,100,2,0.0,0.024579495191574097,0.018580399453639984
articulated,global,100,2,0.001,0.024585362523794174,0.018583428114652634
articulated,global,100,2,0.01,0.024587523192167282,0.01856161467730999
articulated,global,100,2,0.1,0.025537265464663506,0.018556298688054085
articulated,global,100,2,0.3,0.028739064931869507,0.020742740482091904
articulated,global,100,2,1.0,0.06496872752904892,0.022125152871012688
articulated,global,100,2,2.0,0.08048442006111145,0.011596516706049442
articulated,part,100,2,0.001,0.02456924505531788,0.018566429615020752
articulated,part,100,2,0.01,0.024571547284722328,0.018530676141381264
articulated,part,100,2,0.1,0.02488311007618904,0.018180646002292633
articulated,part,100,2,0.3,0.02678585611283779,0.01846936345100403
articulated,part,100,2,1.0,0.04197070375084877,0.02290206588804722
articulated,part,100,2,2.0,0.07353846728801727,0.017429068684577942
articulated,none,500,0,0.0,0.008280311711132526,0.0055444869212806225
articulated,global,500,0,0.001,0.008276460692286491,0.005536118056625128
articulated,global,500,0,0.01,0.008266357704997063,0.005509867332875729
articulated,global,500,0,0.1,0.008609255775809288,0.005879311356693506
articulated,global,500,0,0.3,0.00965349841862917,0.00658154021948576
articulated,global,500,0,1.0,0.014384672977030277,0.007539004553109407
articulated,global,500,0,2.0,0.01857941597700119,0.009464734233915806
articulated,part,500,0,0.001,0.008276360109448433,0.005535715259611607
articulated,part,500,0,0.01,0.008274047635495663,0.00550455367192626
articulated,part,500,0,0.1,0.008125953376293182,0.00533608254045248
articulated,part,500,0,0.3,0.008288029581308365,0.005689912009984255
articulated,part,500,0,1.0,0.008133760653436184,0.004320801235735416
articulated,part,500,0,2.0,0.010444902814924717,0.007167890667915344
articulated,none,500,1,0.0,0.009405037388205528,0.006374636199325323
articulated,global,500,1,0.001,0.009430266916751862,0.006399836391210556
articulated,global,500,1,0.01,0.009534469805657864,0.00652284175157547
articulated,global,500,1,0.1,0.010279679670929909,0.006784793920814991
articulated,global,500,1,0.3,0.010568130761384964,0.006699649151414633
articulated,global,500,1,1.0,0.014560571871697903,0.007974641397595406
articulated,global,500,1,2.0,0.018923981115221977,0.008393801748752594
articulated,part,500,1,0.001,0.009414243511855602,0.006382820662111044
articulated,part,500,1,0.01,0.009477769955992699,0.0064436402171850204
articulated,part,500,1,0.1,0.010373727418482304,0.0071137165650725365
articulated,part,500,1,0.3,0.00987888965755701,0.006631423719227314
articulated,part,500,1,1.0,0.010245628654956818,0.006765628233551979
articulated,part,500,1,2.0,0.011055165901780128,0.007032249588519335
articulated,none,500,2,0.0,0.008219951763749123,0.005997959990054369
articulated,global,500,2,0.001,0.008210434578359127,0.005990160163491964
articulated,global,500,2,0.01,0.008186163380742073,0.005941692274063826
articulated,global,500,2,0.1,0.00820978544652462,0.0057996404357254505
articulated,global,500,2,0.3,0.01090607512742281,0.007513624150305986
articulated,global,500,2,1.0,0.014326130039989948,0.00789246242493391
articulated,global,500,2,2.0,0.01870589330792427,0.008520948700606823
articulated,part,500,2,0.001,0.008220277726650238,0.0059940810315310955
articulated,part,500,2,0.01,0.008208553306758404,0.00595684302970767
articulated,part,500,2,0.1,0.00806506909430027,0.005705729126930237
articulated,part,500,2,0.3,0.008685311302542686,0.005740717984735966
articulated,part,500,2,1.0,0.009005921892821789,0.0054320371709764
articulated,part,500,2,2.0,0.009497255086898804,0.005275900010019541
articulated,none,1000,0,0.0,0.008300933986902237,0.005274420138448477
articulated,global,1000,0,0.001,0.008333302102982998,0.005282869562506676
articulated,global,1000,0,0.01,0.00848471187055111,0.005385654512792826
articulated,global,1000,0,0.1,0.008253393694758415,0.005361886229366064
articulated,global,1000,0,0.3,0.009965583682060242,0.006082781590521336
articulated,global,1000,0,1.0,0.012021446600556374,0.0066445497795939445
articulated,global,1000,0,2.0,0.01700933836400509,0.00810676533728838
articulated,part,1000,0,0.001,0.00831975694745779,0.005286602769047022
articulated,part,1000,0,0.01,0.008334258571267128,0.005336241330951452
articulated,part,1000,0,0.1,0.008146455511450768,0.005770470947027206
articulated,part,1000,0,0.3,0.006634168792515993,0.0044248695485293865
articulated,part,1000,0,1.0,0.0069110458716750145,0.004455538932234049
articulated,part,1000,0,2.0,0.00827223714441061,0.006021144334226847
articulated,none,1000,1,0.0,0.009078078903257847,0.004831050056964159
articulated,global,1000,1,0.001,0.009091491810977459,0.00482554268091917
articulated,global,1000,1,0.01,0.009148471988737583,0.004866619128733873
articulated,global,1000,1,0.1,0.007871964015066624,0.005413081031292677
articulated,global,1000,1,0.3,0.008409128524363041,0.00565355597063899
articulated,global,1000,1,1.0,0.012429161928594112,0.007205652073025703
articulated,global,1000,1,2.0,0.016733886674046516,0.007542253937572241
articulated,part,1000,1,0.001,0.009128937497735023,0.004857328254729509
articulated,part,1000,1,0.01,0.009490291588008404,0.00487258518114686
articulated,part,1000,1,0.1,0.011821738444268703,0.005270353052765131
articulated,part,1000,1,0.3,0.008944271132349968,0.005778043530881405
articulated,part,1000,1,1.0,0.00645636348053813,0.004780075512826443
articulated,part,1000,1,2.0,0.007352904416620731,0.004818640183657408
articulated,none,1000,2,0.0,0.007093978580087423,0.0049707950092852116
articulated,global,1000,2,0.001,0.007149018347263336,0.004992613568902016
articulated,global,1000,2,0.01,0.007016787305474281,0.0050192344933748245
articulated,global,1000,2,0.1,0.006943453568965197,0.004695508163422346
articulated,global,1000,2,0.3,0.009786494076251984,0.005721556954085827
articulated,global,1000,2,1.0,0.013855306431651115,0.008698458783328533
articulated,global,1000,2,2.0,0.018075942993164062,0.008975153788924217
articulated,part,1000,2,0.001,0.0070807659067213535,0.004971069283783436
articulated,part,1000,2,0.01,0.00702613964676857,0.005044514779001474
articulated,part,1000,2,0.1,0.007602370344102383,0.004761931952089071
articulated,part,1000,2,0.3,0.007488559000194073,0.005277229472994804
articulated,part,1000,2,1.0,0.007226558402180672,0.004351496230810881
articulated,part,1000,2,2.0,0.007682821247726679,0.004549024160951376
articulated,none,5000,0,0.0,0.00796284805983305,0.003908306360244751
articulated,global,5000,0,0.001,0.010117122903466225,0.003471498377621174
articulated,global,5000,0,0.01,0.010977542027831078,0.0040391795337200165
articulated,global,5000,0,0.1,0.01104708667844534,0.0061766295693814754
articulated,global,5000,0,0.3,0.010794784873723984,0.005276334006339312
articulated,global,5000,0,1.0,0.014254586771130562,0.00701111601665616
articulated,global,5000,0,2.0,0.018515994772315025,0.008391285315155983
articulated,part,5000,0,0.001,0.011347522959113121,0.0036934532690793276
articulated,part,5000,0,0.01,0.010348569601774216,0.004124743398278952
articulated,part,5000,0,0.1,0.01026909239590168,0.0052254581823945045
articulated,part,5000,0,0.3,0.008465195074677467,0.0031957824248820543
articulated,part,5000,0,1.0,0.009213562123477459,0.0059785665944218636
articulated,part,5000,0,2.0,0.013523489236831665,0.005659965332597494
articulated,none,5000,1,0.0,0.009242535568773746,0.0031833485700190067
articulated,global,5000,1,0.001,0.011699074879288673,0.004846638534218073
articulated,global,5000,1,0.01,0.011312815360724926,0.004560193512588739
articulated,global,5000,1,0.1,0.017913538962602615,0.0052536348812282085
articulated,global,5000,1,0.3,0.011136429384350777,0.0050310674123466015
articulated,global,5000,1,1.0,0.0143470149487257,0.007024519611150026
articulated,global,5000,1,2.0,0.02047562785446644,0.01011594943702221
articulated,part,5000,1,0.001,0.009508169256150723,0.00382629013620317
articulated,part,5000,1,0.01,0.009669340215623379,0.004385520704090595
articulated,part,5000,1,0.1,0.011292601935565472,0.0042743198573589325
articulated,part,5000,1,0.3,0.01009005680680275,0.004297145176678896
articulated,part,5000,1,1.0,0.009823002852499485,0.005393246188759804
articulated,part,5000,1,2.0,0.009279316291213036,0.004266418982297182
articulated,none,5000,2,0.0,0.009263668209314346,0.003631722880527377
articulated,global,5000,2,0.001,0.011962413787841797,0.0035212337970733643
articulated,global,5000,2,0.01,0.010167934000492096,0.0038415391463786364
articulated,global,5000,2,0.1,0.00854549091309309,0.004051057621836662
articulated,global,5000,2,0.3,0.013153928332030773,0.005576455965638161
articulated,global,5000,2,1.0,0.013826251961290836,0.007122678216546774
articulated,global,5000,2,2.0,0.018036507070064545,0.007655016612261534
articulated,part,5000,2,0.001,0.00926861073821783,0.0044016060419380665
articulated,part,5000,2,0.01,0.007939314469695091,0.004291618708521128
articulated,part,5000,2,0.1,0.010808512568473816,0.004172744695097208
articulated,part,5000,2,0.3,0.009190112352371216,0.004277622327208519
articulated,part,5000,2,1.0,0.00945874210447073,0.004513402935117483
articulated,part,5000,2,2.0,0.008814126253128052,0.0053238761611282825
